{
  "positive": {
    "precision": 0.8144867118290773,
    "recall": 0.7718518518518515,
    "f1": 0.7925963488838813,
    "support": 2025
  },
  "neutral": {
    "precision": 0.7780397440215558,
    "recall": 0.7849133537206929,
    "f1": 0.781461434370271,
    "support": 2943
  },
  "negative": {
    "precision": 0.79470802919708,
    "recall": 0.8248106060606057,
    "f1": 0.8094795539028454,
    "support": 2112
  },
  "macro_avg": {
    "f1": 0.7945124457189993
  },
  "accuracy": 0.7930790960451978
}