{
  "sst2_val": {
    "positive": {
      "precision": 0.9061135371179019,
      "recall": 0.9346846846846826,
      "f1": 0.9201773835915158,
      "support": 444
    },
    "neutral": {
      "precision": 0.0,
      "recall": 0.0,
      "f1": 0.0,
      "support": 0
    },
    "negative": {
      "precision": 0.9322033898305062,
      "recall": 0.8995327102803716,
      "f1": 0.9155766944109128,
      "support": 428
    },
    "macro_avg": {
      "f1": 0.6119180260008096
    },
    "accuracy": 0.9174311926605505
  },
  "twitter_test": {
    "positive": {
      "precision": 0.8350137488542615,
      "recall": 0.8259292837715315,
      "f1": 0.8304466727433462,
      "support": 1103
    },
    "neutral": {
      "precision": 0.7751479289940824,
      "recall": 0.7328671328671325,
      "f1": 0.7534148094890757,
      "support": 1430
    },
    "negative": {
      "precision": 0.7607699358386795,
      "recall": 0.8291708291708283,
      "f1": 0.7934990439765557,
      "support": 1001
    },
    "macro_avg": {
      "f1": 0.7924535087363257
    },
    "accuracy": 0.7891907187323146
  },
  "wisesight_test": {
    "positive": {
      "precision": 0.6405405405405388,
      "recall": 0.4958158995815889,
      "f1": 0.55896226415045,
      "support": 478
    },
    "neutral": {
      "precision": 0.7809405940594055,
      "recall": 0.8341044282881687,
      "f1": 0.8066474912107496,
      "support": 1513
    },
    "negative": {
      "precision": 0.7659883720930221,
      "recall": 0.7715959004392375,
      "f1": 0.7687819110133572,
      "support": 683
    },
    "macro_avg": {
      "f1": 0.7114638887915189
    },
    "accuracy": 0.7576664173522812
  }
}