{
  "positive": {
    "precision": 0.8849259757738891,
    "recall": 0.8500323206205554,
    "f1": 0.8671282558517912,
    "support": 1547
  },
  "neutral": {
    "precision": 0.7681355932203385,
    "recall": 0.7923076923076918,
    "f1": 0.7800344234074169,
    "support": 1430
  },
  "negative": {
    "precision": 0.838754325259515,
    "recall": 0.8481455563330995,
    "f1": 0.8434237995819629,
    "support": 1429
  },
  "macro_avg": {
    "f1": 0.8301954929470571
  },
  "accuracy": 0.8306854289605083
}