{
  "sst2_val": {
    "positive": {
      "precision": 0.9287356321839059,
      "recall": 0.9099099099099078,
      "f1": 0.9192263936286218,
      "support": 444
    },
    "neutral": {
      "precision": 0.0,
      "recall": 0.0,
      "f1": 0.0,
      "support": 0
    },
    "negative": {
      "precision": 0.9084668192219658,
      "recall": 0.9275700934579417,
      "f1": 0.9179190751440064,
      "support": 428
    },
    "macro_avg": {
      "f1": 0.6123818229242094
    },
    "accuracy": 0.9185779816513762
  },
  "twitter_test": {
    "positive": {
      "precision": 0.866793529971455,
      "recall": 0.8259292837715315,
      "f1": 0.845868152274337,
      "support": 1103
    },
    "neutral": {
      "precision": 0.7681355932203385,
      "recall": 0.7923076923076918,
      "f1": 0.7800344234074169,
      "support": 1430
    },
    "negative": {
      "precision": 0.8085317460317452,
      "recall": 0.8141858141858134,
      "f1": 0.8113489298153279,
      "support": 1001
    },
    "macro_avg": {
      "f1": 0.8124171684990272
    },
    "accuracy": 0.8089983022071308
  }
}