{
  "positive": {
    "precision": 0.5829383886255897,
    "recall": 0.257322175732217,
    "f1": 0.35703918722744044,
    "support": 478
  },
  "neutral": {
    "precision": 0.6854248733821043,
    "recall": 0.8050231328486446,
    "f1": 0.7404255319143963,
    "support": 1513
  },
  "negative": {
    "precision": 0.5918367346938767,
    "recall": 0.5944363103953139,
    "f1": 0.5931336742142543,
    "support": 683
  },
  "macro_avg": {
    "f1": 0.5635327977853637
  },
  "accuracy": 0.6533283470456245
}